1001-00016,臻致嫩白spa护理,面部,280
1001-00015,至尊面部SPA护理,面部,280
1001-00014,舒胸魅力护理,身体,660
1001-00013,速感眼部护理,眼部,280
1001-00012,深海之谜悦容护理,面部,580
1001-00017,全身美白护理,身体,180
1001-00018,香氛减压护理,身体,260
1001-00019,眼部专业护理,眼部,180
1001-00021,乳腺疏通,身体,320
1001-00032,面部油性肌肤护理,面部,200
1001-00023,病理背穴,身体,250
1001-00024,面部排毒,面部,1750
1001-00031,面部经络排毒醒肤术,面部,250
1001-00029,金纯眼部护理,眼部,280
1001-00030,面部补水,面部,0
1001-00033,焕妍紧致提升护理,其他,380
1001-00034,微蛋白护理,其他,280
1001-00035,净白肌肤基础护理,其他,200
1001-00036,补水肌肤基础护理,其他,200
1001-00037,敏感肌肤基础护理,其他,200
1001-00038,老化肌肤深层护理,其他,250
1001-00039,美胸紧实护理,身体,250
1001-00040,内分泌护理,其他,320
1001-00041,生理疼痛安定护理,其他,280
1001-00042,全身淋巴排毒护理,身体,380
1001-00043,局部减肥护理,减肥,280
1001-00044,专业肩颈护理,身体,260
1001-00045,全身润泽护理,身体,380
1001-00046,眼部基础护理,眼部,100
1001-00047,眼部骨胶原护理,眼部,250
1001-00048,颈部基础护理,身体,80
1001-00049,颈部专业护理,身体,100
1001-00050,颈部特殊护理,身体,180
1001-00051,专业手部六觉香熏护理,身体,150
1001-00052,腿部末梢循环护理,身体,260
1001-00053,美背舒缓护理,身体,180
1001-00054,美背排毒护理,身体,260
1001-00055,美胸丰满护理,身体,250
1001-00056,细胞活化仪护理,身体,480
1001-00057,部减肥塑形护理,减肥,580
1001-00058,光谱震荡热料仓,其他,150
1001-00059,全能美容仪,其他,150
1001-00060,唇部,面部,50
1001-00063,综合服务,其他,150
